name,email,postalZip,address
Curran Goodwin,nunc@aol.com,6631,"3753 Nec, St."
Zephania Carter,pellentesque.a.facilisis@aol.org,34426,6418 Cras Street
Yvette Houston,placerat.velit.quisque@protonmail.net,53887-85432,1484 In St.
Pamela Russo,malesuada.vel.venenatis@outlook.net,72-23,Ap #614-4223 Mi St.
Shea Vasquez,orci.lobortis@google.ca,463375,Ap #744-8734 Id Av.
Uriah Lyons,lectus@google.ca,8851,609-1551 Tristique St.
Elijah Fowler,fringilla.mi@icloud.couk,76188,808-6832 Id Street
Kenyon Pollard,nec.eleifend@icloud.org,51606,136-4699 Aliquam Av.
Keaton Levy,nec.leo@icloud.net,66537-844,"P.O. Box 484, 7479 Sed Rd."
TaShya Dawson,nec.urna@google.com,365418,"P.O. Box 875, 3766 Nisi Avenue"
Elvis Lopez,imperdiet@protonmail.edu,602531,"P.O. Box 338, 4982 Facilisis, Rd."
Flynn Foreman,magna.sed@aol.com,7564,457-4067 Accumsan Av.
Vance Wilcox,lorem.luctus.ut@icloud.couk,604997,Ap #291-2280 Molestie Ave
Vivian Cantu,interdum.libero.dui@aol.org,33262,7737 Quisque St.
Keegan Barry,nam.consequat@yahoo.edu,5455,"853-568 Dolor, Avenue"
September Rowland,diam@aol.ca,32823,Ap #514-4735 Magna. Ave
Sylvester Mathews,consectetuer@hotmail.ca,48772,722-471 A Rd.
Jeanette Schroeder,urna.nullam.lobortis@protonmail.org,767645,5237 Quisque St.
Zephania May,natoque.penatibus@outlook.com,O2H 3J5,Ap #828-792 Feugiat Road
Jasmine Hubbard,dolor.nonummy@protonmail.net,584129,"918-8694 Nec, Av."
Fallon Griffin,ac@protonmail.ca,17-68,Ap #111-6222 Sem. Ave
Cade Marshall,in.cursus@protonmail.edu,21609,Ap #963-5099 Ante St.
Ulric Griffith,vestibulum.nec@protonmail.couk,645401,Ap #475-7529 Mi Avenue
Quynn Rodgers,sed@aol.couk,Y0N 6T6,639-3094 Velit Street
Kuame Atkinson,nec@outlook.couk,92-47,Ap #407-8589 Fames Road
Lani Patel,est.tempor.bibendum@icloud.ca,20939,"4736 Vulputate, Av."
Harper Garrett,natoque.penatibus.et@google.ca,7376,Ap #865-3347 Eros. Rd.
Carol Faulkner,convallis.ante@icloud.net,33421,"P.O. Box 525, 1530 Non, Road"
Denton Mckee,vel.turpis@outlook.couk,28631,719-5407 Lorem Rd.
Xaviera Decker,malesuada@icloud.net,02787-66285,8341 Nibh. St.
