name,email,postalZip,address
Kim Bass,lectus.pede@google.edu,91578-69072,952-4641 Adipiscing St.
Lucy Atkins,pellentesque.habitant@aol.edu,5443-4789,Ap #597-3206 Ipsum Rd.
Cecilia Yang,mi.aliquam.gravida@aol.ca,382186,"P.O. Box 356, 1754 Dui. St."
Felix Eaton,morbi.neque.tellus@google.org,FG6U 6BM,Ap #665-9063 Luctus Road
Cecilia Conner,eu.turpis.nulla@hotmail.net,655856,1871 Arcu. Rd.
Meredith Conner,sem.ut@aol.net,327478,797-7306 Aenean Ave
Whilemina Steele,pharetra.felis.eget@outlook.couk,123851,Ap #517-1017 Elit. Ave
Amal Davidson,mus.donec@yahoo.couk,02956-47816,Ap #480-5157 Sed Road
Conan Mcguire,arcu.vivamus@outlook.couk,367273,"6149 Lobortis, St."
Octavius Alvarez,nunc.ut.erat@protonmail.edu,60424-55021,Ap #198-6572 Consectetuer Road
Edan Miller,morbi.tristique@outlook.edu,8055 EQ,218-2508 Aliquam Av.
Alea Mitchell,mollis.dui.in@outlook.couk,5546,8089 Non Road
Daphne Chaney,enim.nunc.ut@yahoo.couk,491263,Ap #574-3338 Cras Avenue
Nigel Graham,posuere@google.com,05781,610-3383 Cum Street
Roth House,cum.sociis@protonmail.com,207756,Ap #554-3141 Arcu Rd.
Jonah Shannon,ac@outlook.org,0257 PS,"P.O. Box 886, 1936 Purus Street"
Delilah Hendricks,felis@google.net,51456,Ap #587-3185 Feugiat. Ave
Unity Keller,aliquam.ornare@aol.com,7860,619-2721 Augue Road
Jane Velez,ut.semper@hotmail.ca,9773,659-2690 Praesent Avenue
Kenyon Faulkner,at.pretium.aliquet@aol.net,93882-574,881-8087 Cursus Avenue
Alyssa English,enim.sed@hotmail.couk,07574-36573,214-6146 Tristique St.
Gary Landry,lectus@hotmail.ca,62872,Ap #991-9477 Mauris. Rd.
Claudia Beach,ac.libero@google.ca,830212,"P.O. Box 429, 6510 Egestas St."
Quail Jefferson,integer.aliquam@protonmail.net,58376-377,6067 At Ave
Gavin Patterson,arcu.vel@aol.couk,51482,"P.O. Box 239, 2579 Mus. St."
Allistair Clayton,blandit@hotmail.com,61320-984,379-8129 Lorem Street
Jared Riley,id.magna@protonmail.couk,47-94,737-2818 Dui. Ave
Dante Aguirre,libero.proin@protonmail.ca,48358,"P.O. Box 422, 8630 Dui, Street"
Wayne Baxter,dis.parturient@outlook.net,71690,"P.O. Box 143, 543 Phasellus Street"
Tanek Todd,bibendum.sed@hotmail.com,65-313,846-4802 Dignissim Road
Meghan Knox,aliquam.nisl@yahoo.com,768980,"469-1233 Sapien, St."
Davis Spencer,ac.mi@yahoo.ca,32636,514-5440 Vitae Ave
Heather Ward,mauris@google.ca,2762,"P.O. Box 874, 1368 Donec St."
Xanthus Rosario,sagittis.duis@google.ca,8222,"Ap #841-3470 A, Rd."
Barbara Riley,amet.nulla@aol.net,7839,427-5631 Neque St.
Mechelle Davidson,sollicitudin.a@outlook.net,18525,Ap #432-7447 Commodo Av.
Mechelle Hebert,morbi.tristique@google.edu,31115,4940 Dui. Rd.
Clark Gamble,aliquet.diam.sed@aol.com,8616,"P.O. Box 428, 7754 Massa. St."
Dahlia Landry,quis.massa@hotmail.com,4602,Ap #240-2348 Ornare Av.
Petra Wise,enim.consequat@protonmail.couk,647377,Ap #722-1767 Ac Av.
Joy Drake,neque@yahoo.org,685749,862-5866 Proin Rd.
Ruby Chambers,iaculis.nec.eleifend@yahoo.ca,685823,735-7002 Sed Road
Genevieve Harding,sit.amet@aol.couk,66998,471-8033 Consectetuer Av.
Anjolie Waller,lectus@hotmail.couk,641246,9839 Etiam Av.
Willow Bryant,nisl.quisque@outlook.edu,49-66,7378 Euismod Av.
Vanna Joseph,etiam@hotmail.com,6784,Ap #317-1423 Aliquam Av.
Jillian Beach,est@protonmail.net,33605,737-5848 Amet Rd.
Emmanuel Farmer,sed.diam.lorem@protonmail.ca,729575,"Ap #980-4669 Elit, Avenue"
Raya Barrera,aenean.egestas.hendrerit@hotmail.com,152439,Ap #196-5814 Enim Ave
Nichole Carver,pede.nunc@icloud.org,T6L 2CO,5497 Pellentesque Street
Ivy Williams,nunc@protonmail.ca,67632,4001 Porttitor Road
Flynn Greene,risus.in@yahoo.edu,97433,149-1990 Nec St.
Darrel Foreman,quam.a@yahoo.edu,556830,Ap #462-169 Curabitur Avenue
Carol Bishop,et.rutrum.non@protonmail.org,678793,189-2624 Arcu. Rd.
Timothy Weber,enim.condimentum@outlook.com,170241,Ap #412-6510 In Street
Emily Bright,mi.pede@outlook.ca,181745,"P.O. Box 723, 6969 Scelerisque, Ave"
Maxwell Cherry,lacinia.sed.congue@outlook.net,4545-2559,"Ap #825-4572 Non, Avenue"
Graiden Carey,integer@outlook.couk,2254,589-6821 Netus St.
Christopher Holder,urna.et.arcu@icloud.edu,63859-415,Ap #691-5585 Blandit Avenue
Ira Hurley,sem.mollis.dui@protonmail.ca,9327,Ap #318-4031 Est Rd.
Lucius Gonzales,ut@protonmail.com,54601,7541 Maecenas St.
Inez Castro,odio@protonmail.ca,01672,Ap #650-1311 Congue. Rd.
Kirsten Rocha,et@yahoo.edu,27355,Ap #342-1708 Orci St.
Camilla Nelson,vulputate.velit@aol.couk,521254,871-7473 Cum Ave
Garth Sanchez,leo.cras.vehicula@hotmail.com,663832,850-4539 Dapibus Ave
Margaret Manning,ipsum.primis@aol.couk,7756,Ap #400-9461 Ante Street
Orlando Todd,non.magna@protonmail.com,08538,210-4129 Tellus Ave
Amaya Douglas,mauris.quis.turpis@icloud.edu,27697,327-4559 Nisl. Av.
Carson Mooney,fringilla.mi.lacinia@google.com,2318-5676,818-6081 Eget Rd.
Xanthus Velasquez,mus@outlook.edu,51214,"7771 Elit, Ave"
Frances Yates,libero.nec.ligula@icloud.edu,4486,"397-4867 Nec, Avenue"
Bernard Bender,aliquet.sem@hotmail.org,1684,"P.O. Box 391, 6173 Tellus Street"
Aimee Livingston,egestas@google.org,A3A 2M1,163-4538 Etiam Ave
Jin Wise,ipsum.non.arcu@hotmail.ca,991858,836-4763 Arcu Avenue
Britanney Navarro,nec@aol.couk,50103,Ap #335-4934 Ridiculus Street
Barry Jacobson,imperdiet@outlook.couk,76734-446,525-4653 Dis St.
Garrett Simpson,mi.enim.condimentum@aol.com,6944,851-6925 Ac Avenue
Selma Burks,ornare@outlook.net,41334,1762 Sagittis. St.
Paki Head,facilisis@protonmail.couk,16-342,Ap #337-3246 Urna. Avenue
Madonna Jacobson,fusce@google.ca,27834,7683 Donec Rd.
Olympia Bush,egestas.hendrerit@google.net,7833,Ap #536-5404 Eu St.
Honorato Fisher,lorem.luctus.ut@protonmail.couk,699512,119-4417 Et Rd.
Shellie Stanton,facilisis.suspendisse.commodo@icloud.org,249734,Ap #101-428 Sem Street
Tanner Leonard,ipsum@yahoo.com,284646,Ap #829-9672 Elit. Avenue
Ebony Ware,maecenas.mi@hotmail.couk,635047,Ap #267-4885 Nibh Road
Justin Snyder,quis@outlook.couk,74675-44259,Ap #546-5997 Quisque Road
Gloria Simmons,orci.lobortis@yahoo.com,613243,"P.O. Box 886, 8240 Tristique Street"
Carter Bridges,curabitur.ut@yahoo.ca,673366,730-7528 Dictum St.
Ursa Marshall,consequat@hotmail.net,8723,903-5952 Suspendisse Road
Grady Cash,orci.luctus.et@protonmail.org,19552,7674 Elit. Rd.
Abdul Brown,libero@protonmail.couk,4368 NE,"9576 Eget, Rd."
Belle Roman,risus.quis@yahoo.com,66036,912-5785 Etiam Av.
Destiny Trujillo,risus.at@aol.org,384453,"P.O. Box 658, 4366 Ipsum. Av."
Shaine Ayala,ac.libero.nec@icloud.org,7116,234-7452 Iaculis Ave
Karly O'Neill,eleifend.nec@outlook.edu,7265,Ap #743-5327 Dolor Road
Victoria Daniels,eu.metus.in@outlook.ca,431672,673-2273 Hendrerit Rd.
Harrison Perry,eget.laoreet@google.edu,34848,814-752 Donec Rd.
Hyacinth Gilliam,luctus.lobortis@protonmail.net,789338,Ap #144-9645 Non St.
Natalie Duke,dui.fusce@protonmail.couk,467686,325-1767 Lacus. Rd.
Yasir Sandoval,ante.iaculis@outlook.couk,01931,Ap #450-5659 Gravida. Avenue
Joseph Workman,sed.congue.elit@aol.org,65697,Ap #357-6876 Sapien. Av.
Quamar Simon,arcu@aol.ca,26-513,881-4665 Lacinia Avenue
Cole Kirby,et.ipsum@yahoo.net,3178,164-4613 Magna Rd.
Ila Wiggins,ac.tellus.suspendisse@protonmail.edu,473776,"P.O. Box 416, 8908 Erat. St."
Kasper Duffy,molestie.sed.id@icloud.couk,93-48,9232 Nulla Rd.
Leo Walker,nisl.maecenas@hotmail.ca,26695,731-452 Sit Rd.
Silas Gilliam,ornare.lectus@protonmail.edu,632623,674-596 Duis Street
Hilary Berg,vitae.orci@yahoo.edu,43676,Ap #798-3184 Cras Ave
Alana Park,enim.gravida.sit@yahoo.net,6473,889-7869 Volutpat Street
Lenore Patrick,pede.nec.ante@aol.org,12415,7314 Metus. St.
Shelby Drake,ullamcorper.duis@outlook.com,5569,574-1663 Interdum. Ave
Beverly Benjamin,sed.neque@yahoo.ca,75788-536,"P.O. Box 544, 3301 Vestibulum, Ave"
Larissa Mcgee,ullamcorper.nisl.arcu@protonmail.com,121261,744-1967 Amet Ave
Basia Albert,in.tincidunt@icloud.couk,28561,"P.O. Box 836, 4961 Nec, Ave"
Angela Bowman,magna.duis@google.edu,40285-27513,"P.O. Box 741, 6749 Risus Ave"
Sopoline Carrillo,fermentum.vel.mauris@hotmail.edu,3562,"P.O. Box 747, 2892 Aenean St."
Matthew Sanford,sapien.imperdiet.ornare@outlook.edu,PC1G 4US,Ap #327-3587 Non St.
Ava Wooten,sit.amet.massa@protonmail.ca,715435,"P.O. Box 186, 1763 Aliquam Ave"
Cherokee Morgan,eu.elit@aol.com,20689,4267 Feugiat. St.
Clinton Parrish,porta@yahoo.edu,61617,Ap #177-3910 Ultrices St.
Curran Goodwin,nunc@aol.com,6631,"3753 Nec, St."
Zephania Carter,pellentesque.a.facilisis@aol.org,34426,6418 Cras Street
Yvette Houston,placerat.velit.quisque@protonmail.net,53887-85432,1484 In St.
Pamela Russo,malesuada.vel.venenatis@outlook.net,72-23,Ap #614-4223 Mi St.
Shea Vasquez,orci.lobortis@google.ca,463375,Ap #744-8734 Id Av.
Uriah Lyons,lectus@google.ca,8851,609-1551 Tristique St.
Elijah Fowler,fringilla.mi@icloud.couk,76188,808-6832 Id Street
Kenyon Pollard,nec.eleifend@icloud.org,51606,136-4699 Aliquam Av.
Keaton Levy,nec.leo@icloud.net,66537-844,"P.O. Box 484, 7479 Sed Rd."
TaShya Dawson,nec.urna@google.com,365418,"P.O. Box 875, 3766 Nisi Avenue"
Elvis Lopez,imperdiet@protonmail.edu,602531,"P.O. Box 338, 4982 Facilisis, Rd."
Flynn Foreman,magna.sed@aol.com,7564,457-4067 Accumsan Av.
Vance Wilcox,lorem.luctus.ut@icloud.couk,604997,Ap #291-2280 Molestie Ave
Vivian Cantu,interdum.libero.dui@aol.org,33262,7737 Quisque St.
Keegan Barry,nam.consequat@yahoo.edu,5455,"853-568 Dolor, Avenue"
September Rowland,diam@aol.ca,32823,Ap #514-4735 Magna. Ave
Sylvester Mathews,consectetuer@hotmail.ca,48772,722-471 A Rd.
Jeanette Schroeder,urna.nullam.lobortis@protonmail.org,767645,5237 Quisque St.
Zephania May,natoque.penatibus@outlook.com,O2H 3J5,Ap #828-792 Feugiat Road
Jasmine Hubbard,dolor.nonummy@protonmail.net,584129,"918-8694 Nec, Av."
Fallon Griffin,ac@protonmail.ca,17-68,Ap #111-6222 Sem. Ave
Cade Marshall,in.cursus@protonmail.edu,21609,Ap #963-5099 Ante St.
Ulric Griffith,vestibulum.nec@protonmail.couk,645401,Ap #475-7529 Mi Avenue
Quynn Rodgers,sed@aol.couk,Y0N 6T6,639-3094 Velit Street
Kuame Atkinson,nec@outlook.couk,92-47,Ap #407-8589 Fames Road
Lani Patel,est.tempor.bibendum@icloud.ca,20939,"4736 Vulputate, Av."
Harper Garrett,natoque.penatibus.et@google.ca,7376,Ap #865-3347 Eros. Rd.
Carol Faulkner,convallis.ante@icloud.net,33421,"P.O. Box 525, 1530 Non, Road"
Denton Mckee,vel.turpis@outlook.couk,28631,719-5407 Lorem Rd.
Xaviera Decker,malesuada@icloud.net,02787-66285,8341 Nibh. St.
